date,code,buy_price,real_price,change
2017-01-01,000158,10.00,12.00,20%
2017-01-01,000158,10.00,12.00,20%
2017-01-01,000158,10.00,12.00,20%
2017-01-01,000158,10.00,12.00,20%
2017-01-01,000158,10.00,12.00,20%
2017-01-01,000158,10.00,12.00,20%
2017-01-01,000158,10.00,12.00,20%
2017-01-01,000158,10.00,12.00,20%
2017-01-01,000158,10.00,12.00,20%
2017-01-01,000158,10.00,12.00,20%
2017-01-01,000158,10.00,12.00,20%
2017-01-01,000158,10.00,12.00,20%
2017-01-01,000158,10.00,12.00,20%
2017-01-01,000158,10.00,12.00,20%
2017-01-01,000158,10.00,12.00,20%
2017-01-01,000158,10.00,12.00,20%
2017-01-01,000158,10.00,12.00,20%
2017-01-01,000158,10.00,12.00,20%
2017-01-01,000158,10.00,12.00,20%
2017-01-01,000158,10.00,12.00,20%
2017-01-01,000158,10.00,12.00,20%
2017-01-01,000158,10.00,12.00,20%
2017-01-01,000158,10.00,12.00,20%
2017-01-01,000158,10.00,12.00,20%
2017-01-01,000158,10.00,12.00,20%
2017-01-01,000158,10.00,12.00,20%
2017-01-01,000158,10.00,12.00,20%
2017-01-01,000158,10.00,12.00,20%
2017-01-01,000158,10.00,12.00,20%
2017-01-01,000158,10.00,12.00,20%
2017-01-01,000158,10.00,12.00,20%
2017-01-01,000158,10.00,12.00,20%
2017-01-01,000158,10.00,12.00,20%
2017-01-01,000158,10.00,12.00,20%
2017-01-01,000158,10.00,12.00,20%
2017-01-01,000158,10.00,12.00,20%
2017-01-01,000158,10.00,12.00,20%
2017-01-01,000158,10.00,12.00,20%
2017-01-01,000158,10.00,12.00,20%
2017-01-01,000158,10.00,12.00,20%
2017-01-01,000158,10.00,12.00,20%
2017-01-01,000158,10.00,12.00,20%
2017-01-01,000158,10.00,12.00,20%
2017-01-01,000158,10.00,12.00,20%
2017-01-01,000158,10.00,12.00,20%
2017-01-01,000158,10.00,12.00,20%
2017-01-01,000158,10.00,12.00,20%
2017-01-01,000158,10.00,12.00,20%